SessionID,SessionDate,SessionDuration,SessionFrequency,RecordID,WatchTimestamp,WatchtImeIntervalSince1970,WatchGyroX,WatchGyroY,WatchGyroZ,WatchAccX,WatchAccY,WatchAccZ
3,2021-06-08 16:26:11.4190,00:05,60,5,2021-06-08 16:26:11.0710,1623162371.0708508,-3.1694891452789307,-0.26403194665908813,4.776453971862793,0.7962188422679901,1.3920745849609375,0.3494568169116974
3,2021-06-08 16:26:11.4190,00:05,60,5,2021-06-08 16:26:11.1270,1623162371.127131,-1.8698861598968506,-0.3705349564552307,4.491899013519287,0.9286346435546875,1.5635223388671875,0.105682373046875
3,2021-06-08 16:26:11.4190,00:05,60,5,2021-06-08 16:26:11.1270,1623162371.127177,-0.44733181595802307,-0.4392567574977875,4.0571794509887695,0.9729004800319672,1.7196961641311646,-0.047210693359375
3,2021-06-08 16:26:11.4190,00:05,60,5,2021-06-08 16:26:11.1270,1623162371.12719,0.4163608253002167,-0.36560386419296265,3.575075626373291,0.9124755859375,1.7687835693359375,-0.14521782100200653
3,2021-06-08 16:26:11.4190,00:05,60,5,2021-06-08 16:26:11.1310,1623162371.130701,0.5500137209892273,-0.13595762848854065,3.2090847492218018,0.8472289443016052,1.6682891249656677,-0.13533013314008713
3,2021-06-08 16:26:11.4190,00:05,60,5,2021-06-08 16:26:11.1520,1623162371.1518068,0.3843449056148529,-0.019009694457054138,2.908735990524292,0.8229980170726776,1.4283446669578552,-0.07965083420276642
3,2021-06-08 16:26:11.4190,00:05,60,5,2021-06-08 16:26:11.1600,1623162371.160084,-0.2788146734237671,-0.028613319620490074,2.5023891925811768,0.8563384711742401,1.3681640028953552,-0.10043326020240784
3,2021-06-08 16:26:11.4190,00:05,60,5,2021-06-08 16:26:11.1750,1623162371.174818,-1.0999102592468262,-0.05511363595724106,2.1332767009735107,0.9108885526657104,1.4646910429000854,-0.16403191536664963
3,2021-06-08 16:26:11.4190,00:05,60,5,2021-06-08 16:26:11.1950,1623162371.1953468,-1.8855360746383667,-0.07147850096225739,1.7614620923995972,0.9149322509765625,1.4356842041015625,-0.23707574605941772
3,2021-06-08 16:26:11.4190,00:05,60,5,2021-06-08 16:26:11.2070,1623162371.206965,-2.320908546447754,-0.16854459047317505,1.33136785030365,0.8823394775390625,1.2728270888328552,-0.2745514065027237
3,2021-06-08 16:26:11.4190,00:05,60,5,2021-06-08 16:26:11.2280,1623162371.227964,-2.183893918991089,-0.29039937257766724,0.9316277503967285,0.8986205458641052,1.2573089003562927,-0.3117522895336151
3,2021-06-08 16:26:11.4190,00:05,60,5,2021-06-08 16:26:11.2610,1623162371.260696,-1.7509177923202515,-0.4704250693321228,0.5274109840393066,0.9196776747703552,1.529952883720398,-0.3363341689109802
3,2021-06-08 16:26:11.4190,00:05,60,5,2021-06-08 16:26:11.2610,1623162371.260737,-1.0288399457931519,-0.5540645718574524,0.10563551634550095,0.8987731337547302,1.628433108329773,-0.39892578311264515
3,2021-06-08 16:26:11.4190,00:05,60,5,2021-06-08 16:26:11.2830,1623162371.282569,-0.3918676972389221,-0.5024245381355286,-0.41029709577560425,0.8411712646484375,1.713241457939148,-0.4803161211311817
3,2021-06-08 16:26:11.4190,00:05,60,5,2021-06-08 16:26:11.2830,1623162371.283112,0.21466374397277832,-0.601465106010437,-1.0456509590148926,0.8574370741844177,1.7003173828125,-0.5156249459832907
3,2021-06-08 16:26:11.4190,00:05,60,5,2021-06-08 16:26:11.2950,1623162371.295134,0.8525946736335754,-0.7499619126319885,-1.6022666692733765,0.9829254150390625,1.8444517850875854,-0.5675658993422985
3,2021-06-08 16:26:11.4190,00:05,60,5,2021-06-08 16:26:11.3100,1623162371.31039,1.21778404712677,-0.8740151524543762,-2.0753872394561768,1.0043792128562927,1.8992462158203125,-0.5344695895910263
3,2021-06-08 16:26:11.4190,00:05,60,5,2021-06-08 16:26:11.3250,1623162371.325028,1.2498570680618286,-0.9463679194450378,-2.4601454734802246,0.9757384657859802,1.7734374403953552,-0.4140319377183914
3,2021-06-08 16:26:11.4190,00:05,60,5,2021-06-08 16:26:11.3400,1623162371.340465,1.196999430656433,-0.9648885726928711,-2.841400384902954,0.9662780463695526,1.6758117079734802,-0.3525848239660263
3,2021-06-08 16:26:11.4190,00:05,60,5,2021-06-08 16:26:11.3550,1623162371.355324,1.5465881824493408,-0.909598708152771,-3.203030824661255,1.0124053955078125,1.71923828125,-0.23573298752307892
3,2021-06-08 16:26:11.4190,00:05,60,5,2021-06-08 16:26:11.3700,1623162371.3704371,2.260152578353882,-0.8300149440765381,-3.5210211277008057,1.0463409721851349,1.7780761122703552,-0.19606013596057892
3,2021-06-08 16:26:11.4190,00:05,60,5,2021-06-08 16:26:11.3850,1623162371.385283,3.016746997833252,-0.8578358888626099,-3.7582740783691406,1.112213134765625,1.845184326171875,-0.13972467184066772
3,2021-06-08 16:26:11.4190,00:05,60,5,2021-06-08 16:26:11.4010,1623162371.400531,4.027099609375,-0.9673709273338318,-3.9267420768737793,1.1307830512523651,1.770583987236023,-0.15046685934066772
3,2021-06-08 16:26:11.4190,00:05,60,5,2021-06-08 16:26:11.4190,1623162371.419282,4.770378112792969,-1.0524888038635254,-4.072973728179932,1.08746337890625,1.5705109238624573,-0.11306759715080261
3,2021-06-08 16:26:11.4190,00:05,60,5,2021-06-08 16:26:11.4320,1623162371.4324589,5.298957347869873,-1.2494157552719116,-4.174403190612793,1.0717467963695526,1.5601959228515625,-0.1256866157054901
3,2021-06-08 16:26:11.4190,00:05,60,5,2021-06-08 16:26:11.4450,1623162371.4451709,5.6349263191223145,-1.405848741531372,-4.1244306564331055,1.022293083369732,1.5045623183250427,-0.22589105367660522
3,2021-06-08 16:26:11.4190,00:05,60,5,2021-06-08 16:26:11.4790,1623162371.4785051,6.16278076171875,-1.5987169742584229,-4.065866947174072,0.9655456524342299,1.4149169325828552,-0.2728423476219177
3,2021-06-08 16:26:11.4190,00:05,60,5,2021-06-08 16:26:11.4790,1623162371.47854,6.781448841094971,-1.826643943786621,-4.1119561195373535,0.8500213697552681,1.27203369140625,-0.24133294820785522
3,2021-06-08 16:26:11.4190,00:05,60,5,2021-06-08 16:26:11.5010,1623162371.500874,7.230905532836914,-2.000842332839966,-4.089919567108154,0.8218688815832138,1.3463287949562073,-0.231201171875
3,2021-06-08 16:26:11.4190,00:05,60,5,2021-06-08 16:26:11.5070,1623162371.507319,7.637918472290039,-1.98691987991333,-3.9148967266082764,0.798187255859375,1.431396484375,-0.2680663466453552
3,2021-06-08 16:26:11.4190,00:05,60,5,2021-06-08 16:26:11.5210,1623162371.520642,7.841492652893066,-2.0775136947631836,-3.6879892349243164,0.7382049560546875,1.3406219482421875,-0.2526397705078125
3,2021-06-08 16:26:11.4190,00:05,60,5,2021-06-08 16:26:11.5380,1623162371.538182,8.060582160949707,-2.149406671524048,-3.5984673500061035,0.637725830078125,0.986053466796875,-0.3210143446922302
3,2021-06-08 16:26:11.4190,00:05,60,5,2021-06-08 16:26:11.6180,1623162371.617741,7.837959289550781,-2.0910141468048096,-3.5578501224517822,0.5968780815601349,0.86767578125,-0.3475189208984375
3,2021-06-08 16:26:11.4190,00:05,60,5,2021-06-08 16:26:11.6180,1623162371.6178179,7.352046012878418,-2.070833683013916,-3.4213762283325195,0.483123779296875,0.7762908935546875,-0.3696136474609375
3,2021-06-08 16:26:11.4190,00:05,60,5,2021-06-08 16:26:11.6180,1623162371.6178498,7.081850051879883,-1.855963945388794,-3.3286876678466797,0.4527740478515625,0.7110291160643101,-0.4305877685546875
3,2021-06-08 16:26:11.4190,00:05,60,5,2021-06-08 16:26:11.6180,1623162371.617871,6.613408088684082,-1.639024257659912,-3.17850399017334,0.3968658745288849,0.5853424742817879,-0.4416198134422302
3,2021-06-08 16:26:11.4190,00:05,60,5,2021-06-08 16:26:11.6180,1623162371.617889,6.090090751647949,-1.5111844539642334,-3.0346484184265137,0.4033050239086151,0.5066986680030823,-0.4497986435890198
3,2021-06-08 16:26:11.4190,00:05,60,5,2021-06-08 16:26:11.6530,1623162371.65329,5.453484535217285,-1.455249547958374,-2.9259932041168213,0.3930511176586151,0.3312683701515198,-0.397430419921875
3,2021-06-08 16:26:11.4190,00:05,60,5,2021-06-08 16:26:11.6530,1623162371.653346,4.959557056427002,-1.38218092918396,-2.8255574703216553,0.3585052788257599,0.2587432861328125,-0.372955322265625
3,2021-06-08 16:26:11.4190,00:05,60,5,2021-06-08 16:26:11.6560,1623162371.655542,4.533236026763916,-1.3031865358352661,-2.7100393772125244,0.2964783012866974,0.1775970757007599,-0.3530426025390625
3,2021-06-08 16:26:11.4190,00:05,60,5,2021-06-08 16:26:11.6720,1623162371.671513,4.155673503875732,-1.2034136056900024,-2.5714097023010254,0.2697144150733948,0.13937383890151978,-0.3615875244140625
3,2021-06-08 16:26:11.4190,00:05,60,5,2021-06-08 16:26:11.6860,1623162371.685539,3.9601263999938965,-1.1353133916854858,-2.488119602203369,0.2238922119140625,0.023239195346832275,-0.4105987548828125
3,2021-06-08 16:26:11.4190,00:05,60,5,2021-06-08 16:26:11.7010,1623162371.701,3.997406005859375,-1.1196601390838623,-2.3918046951293945,0.2160033881664276,-0.041900575160980225,-0.39422607421875
3,2021-06-08 16:26:11.4190,00:05,60,5,2021-06-08 16:26:11.7160,1623162371.715554,3.9266648292541504,-1.0420715808868408,-2.2829089164733887,0.1846465766429901,-0.11112970113754272,-0.340972900390625
3,2021-06-08 16:26:11.4190,00:05,60,5,2021-06-08 16:26:11.7330,1623162371.733331,3.6826658248901367,-1.0221772193908691,-2.186950206756592,0.15513604879379272,-0.1462249755859375,-0.3239593505859375
3,2021-06-08 16:26:11.4190,00:05,60,5,2021-06-08 16:26:11.7490,1623162371.748558,3.398531436920166,-0.9965320229530334,-2.0600035190582275,0.1490783393383026,-0.26544189453125,-0.3289642333984375
3,2021-06-08 16:26:11.4190,00:05,60,5,2021-06-08 16:26:11.7650,1623162371.764596,3.1211602687835693,-1.0044666528701782,-1.9060531854629517,0.1475982367992401,-0.3216246962547302,-0.3369140625
3,2021-06-08 16:26:11.4190,00:05,60,5,2021-06-08 16:26:11.7790,1623162371.778687,2.887202501296997,-1.0510238409042358,-1.788264274597168,0.1740264892578125,-0.4317626357078552,-0.3153838813304901
3,2021-06-08 16:26:11.4190,00:05,60,5,2021-06-08 16:26:11.7920,1623162371.791957,2.533543586730957,-1.0608314275741577,-1.7260041236877441,0.175750732421875,-0.4695435166358948,-0.3022003769874573
3,2021-06-08 16:26:11.4190,00:05,60,5,2021-06-08 16:26:11.8060,1623162371.8056679,2.2762885093688965,-1.0557589530944824,-1.6234785318374634,0.1630096137523651,-0.555877685546875,-0.2979736328125
3,2021-06-08 16:26:11.4190,00:05,60,5,2021-06-08 16:26:11.9250,1623162371.925317,1.9302749633789062,-1.0349348783493042,-1.5075476169586182,0.165771484375,-0.5931396484375,-0.2962494194507599
3,2021-06-08 16:26:11.4190,00:05,60,5,2021-06-08 16:26:11.9550,1623162371.954999,1.6846619844436646,-1.0816035270690918,-1.4078083038330078,0.1702422797679901,-0.6826478242874146,-0.2919922173023224
3,2021-06-08 16:26:11.4190,00:05,60,5,2021-06-08 16:26:11.9550,1623162371.95503,1.4493612051010132,-1.0674456357955933,-1.3580857515335083,0.1650695502758026,-0.7305298447608948,-0.2847442924976349
3,2021-06-08 16:26:11.4190,00:05,60,5,2021-06-08 16:26:11.9550,1623162371.9550428,1.1408087015151978,-1.0332170724868774,-1.254917025566101,0.11810302734375,-0.7667999267578125,-0.2593689560890198
3,2021-06-08 16:26:11.4190,00:05,60,5,2021-06-08 16:26:11.9550,1623162371.955058,0.9908245801925659,-1.0066858530044556,-1.1442078351974487,0.10575860738754272,-0.786728024482727,-0.2633818984031677
3,2021-06-08 16:26:11.4190,00:05,60,5,2021-06-08 16:26:11.9550,1623162371.955071,0.886764407157898,-0.9858511090278625,-1.0736793279647827,0.09158322215080261,-0.8343657851219177,-0.2923736423254013
3,2021-06-08 16:26:11.4190,00:05,60,5,2021-06-08 16:26:11.9550,1623162371.955092,0.8449506163597107,-0.9579252004623413,-1.0292221307754517,0.08946222066879272,-0.829971432685852,-0.3050384372472763
3,2021-06-08 16:26:11.4190,00:05,60,5,2021-06-08 16:26:11.9550,1623162371.955103,0.891931414604187,-0.9133745431900024,-1.0014482736587524,0.10507199168205261,-0.7877349853515625,-0.312408447265625
3,2021-06-08 16:26:11.4190,00:05,60,5,2021-06-08 16:26:11.9550,1623162371.955116,1.0519068241119385,-0.8612018823623657,-0.9871742129325867,0.1108245849609375,-0.8025970458984375,-0.3334961235523224
3,2021-06-08 16:26:11.4190,00:05,60,5,2021-06-08 16:26:11.9560,1623162371.956166,1.0971152782440186,-0.8150956630706787,-0.9738643169403076,0.11148065328598022,-0.8366394639015198,-0.3248444199562073
3,2021-06-08 16:26:11.4190,00:05,60,5,2021-06-08 16:26:11.9720,1623162371.971739,1.0736794471740723,-0.7764318585395813,-0.9554091095924377,0.11909478902816772,-0.85955810546875,-0.3413849472999573
3,2021-06-08 16:26:11.4190,00:05,60,5,2021-06-08 16:26:11.9870,1623162371.98667,0.9718583822250366,-0.7662002444267273,-0.9110323190689087,0.1265411525964737,-0.8789367079734802,-0.3698120415210724
3,2021-06-08 16:26:11.4190,00:05,60,5,2021-06-08 16:26:12.0030,1623162372.0026011,0.7928404211997986,-0.7873052954673767,-0.8621537685394287,0.13186641037464142,-0.9042816162109375,-0.4115600287914276
3,2021-06-08 16:26:11.4190,00:05,60,5,2021-06-08 16:26:12.0160,1623162372.015818,0.6468907594680786,-0.8517205119132996,-0.8060132265090942,0.1484985053539276,-0.9185332655906677,-0.4647979438304901
3,2021-06-08 16:26:11.4190,00:05,60,5,2021-06-08 16:26:12.0320,1623162372.0315719,0.5746314525604248,-0.9328478574752808,-0.7910270690917969,0.154998779296875,-0.9282836318016052,-0.4712829887866974
3,2021-06-08 16:26:11.4190,00:05,60,5,2021-06-08 16:26:12.0460,1623162372.0458899,0.5679073929786682,-0.9768123626708984,-0.7693806290626526,0.1383361518383026,-0.9197996854782104,-0.5334320068359375
3,2021-06-08 16:26:11.4190,00:05,60,5,2021-06-08 16:26:12.0630,1623162372.0631828,0.5538833141326904,-1.0286204814910889,-0.7134726643562317,0.1307830512523651,-0.9186859130859375,-0.5492859184741974
3,2021-06-08 16:26:11.4190,00:05,60,5,2021-06-08 16:26:12.0770,1623162372.077207,0.3804665207862854,-1.1063437461853027,-0.625882089138031,0.1379242017865181,-0.9323728680610657,-0.5420685410499573
3,2021-06-08 16:26:11.4190,00:05,60,5,2021-06-08 16:26:12.0920,1623162372.091992,0.23231194913387299,-1.2056994438171387,-0.5020413994789124,0.1357574239373207,-0.96240234375,-0.5245819687843323
3,2021-06-08 16:26:11.4190,00:05,60,5,2021-06-08 16:26:12.1060,1623162372.105932,-0.024495527148246765,-1.3135547637939453,-0.39836132526397705,0.11508175730705261,-1.060211181640625,-0.49676513671875
3,2021-06-08 16:26:11.4190,00:05,60,5,2021-06-08 16:26:12.1220,1623162372.1215,8.324472427368164,0.020132914185523987,0.8973131775856018,0.1347198188304901,-1.0517425537109375,0.029495179653167725
3,2021-06-08 16:26:11.4190,00:05,60,5,2021-06-08 16:26:12.1360,1623162372.136029,-2.4705123901367188,3.7174227237701416,1.1377021074295044,0.15251155942678452,-3.531295895576477,0.8573150634765625
3,2021-06-08 16:26:11.4190,00:05,60,5,2021-06-08 16:26:12.2010,1623162372.2007031,-1.2848210334777832,-0.04451452195644379,1.6175490617752075,0.9738921299576759,-1.2727203369140625,-2.276519775390625
3,2021-06-08 16:26:11.4190,00:05,60,5,2021-06-08 16:26:12.2010,1623162372.200768,0.8473840951919556,1.7280316352844238,-1.211344599723816,-0.10478214174509048,-1.3983919024467468,-1.9747925698757172
3,2021-06-08 16:26:11.4190,00:05,60,5,2021-06-08 16:26:12.2010,1623162372.200805,-0.8068435192108154,2.456940174102783,0.24185752868652344,-0.4426269829273224,-1.4118650555610657,-1.4148559868335724
3,2021-06-08 16:26:11.4190,00:05,60,5,2021-06-08 16:26:12.2010,1623162372.200818,-3.2167534828186035,-0.2752223014831543,1.8349580764770508,0.7304992154240608,-0.3327330946922302,0.4962615966796875
3,2021-06-08 16:26:11.4190,00:05,60,5,2021-06-08 16:26:12.2120,1623162372.211961,-2.2592928409576416,-0.856244683265686,0.884161114692688,0.8964995518326759,-0.550399899482727,0.5095216333866119
3,2021-06-08 16:26:11.4190,00:05,60,5,2021-06-08 16:26:12.2270,1623162372.227232,-1.1217411756515503,-0.38780689239501953,0.30066943168640137,0.3058013767004013,-1.1604154706001282,0.1708221137523651
3,2021-06-08 16:26:11.4190,00:05,60,5,2021-06-08 16:26:12.2420,1623162372.241654,0.0441841222345829,0.32007330656051636,0.4167094826698303,0.06359860301017761,-0.913055419921875,0.08850091695785522
3,2021-06-08 16:26:11.4190,00:05,60,5,2021-06-08 16:26:12.2560,1623162372.256186,0.2457362711429596,0.25884297490119934,0.4886643886566162,0.17703242599964142,-0.7780150771141052,-0.10769656300544739
3,2021-06-08 16:26:11.4190,00:05,60,5,2021-06-08 16:26:12.2820,1623162372.282234,-0.34664636850357056,-0.11516232788562775,0.5841214060783386,0.2444610595703125,-0.8872527480125427,-0.23379528522491455
3,2021-06-08 16:26:11.4190,00:05,60,5,2021-06-08 16:26:12.2930,1623162372.292767,-0.8058063387870789,-0.14852294325828552,0.6687926054000854,0.1274718940258026,-0.9655914306640625,-0.4965362250804901
3,2021-06-08 16:26:11.4190,00:05,60,5,2021-06-08 16:26:12.3020,1623162372.301796,-1.0527111291885376,-0.09076084941625595,0.6887985467910767,0.0660858005285263,-0.8701934814453125,-0.6275177597999573
3,2021-06-08 16:26:11.4190,00:05,60,5,2021-06-08 16:26:12.3160,1623162372.316313,-0.8997239470481873,-0.09728346765041351,0.7143728733062744,-0.01763916015625,-0.7211151123046875,-0.7597503364086151
3,2021-06-08 16:26:11.4190,00:05,60,5,2021-06-08 16:26:12.3320,1623162372.3321872,-0.7234107255935669,-0.054675813764333725,0.7051846981048584,-0.05174262821674347,-0.733841061592102,-0.7229461967945099
3,2021-06-08 16:26:11.4190,00:05,60,5,2021-06-08 16:26:12.3460,1623162372.346334,-0.7168204188346863,-0.012651132419705391,0.6584153175354004,-0.1331329494714737,-0.875961422920227,-0.50421142578125
3,2021-06-08 16:26:11.4190,00:05,60,5,2021-06-08 16:26:12.3620,1623162372.3618898,-0.751456081867218,0.09825248271226883,0.6020657420158386,-0.1784209907054901,-0.9174802899360657,-0.4479828178882599
3,2021-06-08 16:26:11.4190,00:05,60,5,2021-06-08 16:26:12.3760,1623162372.3763309,-0.7022119164466858,0.22950397431850433,0.535908579826355,-0.2256012260913849,-0.9359893798828125,-0.4371948540210724
3,2021-06-08 16:26:11.4190,00:05,60,5,2021-06-08 16:26:12.3920,1623162372.391865,-0.5812591314315796,0.2748080790042877,0.4313371777534485,-0.20092777907848358,-0.911163330078125,-0.4618988633155823
3,2021-06-08 16:26:11.4190,00:05,60,5,2021-06-08 16:26:12.4060,1623162372.406357,-0.41117754578590393,0.2294970452785492,0.32488372921943665,-0.1275024563074112,-0.850631594657898,-0.4845580756664276
3,2021-06-08 16:26:11.4190,00:05,60,5,2021-06-08 16:26:12.4220,1623162372.421849,-0.23353230953216553,0.16553963720798492,0.258098840713501,-0.1263428032398224,-0.82745361328125,-0.4978790283203125
3,2021-06-08 16:26:11.4190,00:05,60,5,2021-06-08 16:26:12.4380,1623162372.437614,-0.12714198231697083,0.15259401500225067,0.20493920147418976,-0.1930999904870987,-0.8491210341453552,-0.5451354086399078
3,2021-06-08 16:26:11.4190,00:05,60,5,2021-06-08 16:26:12.4520,1623162372.452101,-0.11673381924629211,0.14810392260551453,0.15365657210350037,-0.2163543850183487,-0.85504150390625,-0.5699768364429474
3,2021-06-08 16:26:11.4190,00:05,60,5,2021-06-08 16:26:12.4700,1623162372.469502,-0.12108878046274185,0.12106352299451828,0.10308367013931274,-0.2129364013671875,-0.837860107421875,-0.5898132920265198
3,2021-06-08 16:26:11.4190,00:05,60,5,2021-06-08 16:26:12.4820,1623162372.481947,-0.11554773151874542,0.09896594285964966,0.0557907298207283,-0.2098541259765625,-0.838897705078125,-0.58282470703125
3,2021-06-08 16:26:11.4190,00:05,60,5,2021-06-08 16:26:12.4960,1623162372.496451,-0.13974672555923462,0.08549726754426956,0.025609126314520836,-0.2089386284351349,-0.8560790419578552,-0.5619506537914276
3,2021-06-08 16:26:11.4190,00:05,60,5,2021-06-08 16:26:12.5260,1623162372.525955,-0.19313059747219086,0.0718163475394249,-0.012481002137064934,-0.20585642755031586,-0.8654175996780396,-0.5514984428882599
3,2021-06-08 16:26:11.4190,00:05,60,5,2021-06-08 16:26:12.5260,1623162372.5264292,-0.19595204293727875,0.05458489805459976,-0.05752570927143097,-0.1864319145679474,-0.8674010634422302,-0.5434112995862961
3,2021-06-08 16:26:11.4190,00:05,60,5,2021-06-08 16:26:12.5420,1623162372.5419888,-0.13149036467075348,0.04971317574381828,-0.09957356005907059,-0.1762085109949112,-0.859954833984375,-0.5450591892004013
3,2021-06-08 16:26:11.4190,00:05,60,5,2021-06-08 16:26:12.5570,1623162372.556511,-0.04156876355409622,0.0449591688811779,-0.14017105102539062,-0.152984619140625,-0.852264404296875,-0.5467224419116974
3,2021-06-08 16:26:11.4190,00:05,60,5,2021-06-08 16:26:12.5720,1623162372.572089,0.0238637737929821,0.027336232364177704,-0.17403633892536163,-0.1411132961511612,-0.8562011122703552,-0.5417174994945526
3,2021-06-08 16:26:11.4190,00:05,60,5,2021-06-08 16:26:12.5860,1623162372.5864449,0.08118581026792526,0.018783491104841232,-0.19637253880500793,-0.1347503960132599,-0.8665618300437927,-0.5292968451976776
3,2021-06-08 16:26:11.4190,00:05,60,5,2021-06-08 16:26:12.6020,1623162372.601948,0.07190863788127899,0.02604486607015133,-0.20851390063762665,-0.13029484450817108,-0.8772735595703125,-0.524200439453125
3,2021-06-08 16:26:11.4190,00:05,60,5,2021-06-08 16:26:12.6160,1623162372.616475,0.036155834794044495,0.0162524227052927,-0.20702491700649261,-0.1132049709558487,-0.8950957655906677,-0.5207214057445526
3,2021-06-08 16:26:11.4190,00:05,60,5,2021-06-08 16:26:12.6320,1623162372.6321192,0.01765112578868866,0.005583265796303749,-0.21129049360752106,-0.10099795460700989,-0.8935851454734802,-0.5209198296070099
3,2021-06-08 16:26:11.4190,00:05,60,5,2021-06-08 16:26:12.6470,1623162372.646508,0.026281632483005524,0.005106559954583645,-0.22043739259243011,-0.0822143703699112,-0.8903960585594177,-0.51922607421875
3,2021-06-08 16:26:11.4190,00:05,60,5,2021-06-08 16:26:12.6620,1623162372.662167,0.03893769159913063,0.0004944975953549147,-0.22379723191261292,-0.07574462890625,-0.8918303847312927,-0.5144805610179901
3,2021-06-08 16:26:11.4190,00:05,60,5,2021-06-08 16:26:12.6770,1623162372.676532,0.033901628106832504,-0.00427735410630703,-0.21904723346233368,-0.07235720753669739,-0.8970641493797302,-0.4990845024585724
3,2021-06-08 16:26:11.4190,00:05,60,5,2021-06-08 16:26:12.6920,1623162372.692151,0.062258437275886536,-0.004454454407095909,-0.20232178270816803,-0.07135012745857239,-0.8880004286766052,-0.4977722465991974
3,2021-06-08 16:26:11.4190,00:05,60,5,2021-06-08 16:26:12.7070,1623162372.706551,0.09067705273628235,0.010910119861364365,-0.1884448528289795,-0.06729128956794739,-0.889312744140625,-0.5007782280445099
3,2021-06-08 16:26:11.4190,00:05,60,5,2021-06-08 16:26:12.7220,1623162372.722122,0.06995443999767303,0.020827732980251312,-0.18012858927249908,-0.0662079006433487,-0.896026611328125,-0.5010528862476349
3,2021-06-08 16:26:11.4190,00:05,60,5,2021-06-08 16:26:12.7370,1623162372.736615,0.06425482034683228,0.014473163522779942,-0.15875060856342316,-0.05331423878669739,-0.8986358046531677,-0.499908447265625
3,2021-06-08 16:26:11.4190,00:05,60,5,2021-06-08 16:26:12.7520,1623162372.752366,0.06219646707177162,0.01166326180100441,-0.15167617797851562,-0.05255129933357239,-0.895233154296875,-0.4920653998851776
3,2021-06-08 16:26:11.4190,00:05,60,5,2021-06-08 16:26:12.7670,1623162372.7666721,0.06747487187385559,0.025663500651717186,-0.1389462798833847,-0.06123356521129608,-0.8920135498046875,-0.4947967529296875
3,2021-06-08 16:26:11.4190,00:05,60,5,2021-06-08 16:26:12.7820,1623162372.782378,0.0563473105430603,0.02690133824944496,-0.12543046474456787,-0.06278994679450989,-0.8975676894187927,-0.4995879828929901
3,2021-06-08 16:26:11.4190,00:05,60,5,2021-06-08 16:26:12.7970,1623162372.796681,0.06291863322257996,0.022475963458418846,-0.12045913934707642,-0.051727309823036194,-0.8840179443359375,-0.4990845024585724
3,2021-06-08 16:26:11.4190,00:05,60,5,2021-06-08 16:26:12.8120,1623162372.812294,0.1111048012971878,0.015316320583224297,-0.11773020029067993,-0.04838567227125168,-0.87017822265625,-0.4942779541015625
3,2021-06-08 16:26:11.4190,00:05,60,5,2021-06-08 16:26:12.8270,1623162372.8267388,0.1291421800851822,0.012904029339551926,-0.1172952950000763,-0.0488128736615181,-0.8766936659812927,-0.4939422905445099
3,2021-06-08 16:26:11.4190,00:05,60,5,2021-06-08 16:26:12.8420,1623162372.8424501,0.08474941551685333,0.015082760713994503,-0.11496850103139877,-0.04878237098455429,-0.8818206191062927,-0.4901123046875
3,2021-06-08 16:26:11.4190,00:05,60,5,2021-06-08 16:26:12.8570,1623162372.85679,0.029431965202093124,-0.0012727761641144753,-0.10331929475069046,-0.0413665845990181,-0.888519287109375,-0.4852447509765625
3,2021-06-08 16:26:11.4190,00:05,60,5,2021-06-08 16:26:12.8720,1623162372.8723989,0.004554312210530043,-0.014773937873542309,-0.10167665779590607,-0.03816226124763489,-0.8886260390281677,-0.4844665229320526
3,2021-06-08 16:26:11.4190,00:05,60,5,2021-06-08 16:26:12.8870,1623162372.886831,0.01603029854595661,-0.024891018867492676,-0.1017853170633316,-0.03594972938299179,-0.8770445585250854,-0.4802245497703552
3,2021-06-08 16:26:11.4190,00:05,60,5,2021-06-08 16:26:12.9020,1623162372.902494,0.030872097238898277,-0.036373503506183624,-0.10839954018592834,-0.03297426551580429,-0.8773803114891052,-0.4781493842601776
3,2021-06-08 16:26:11.4190,00:05,60,5,2021-06-08 16:26:12.9170,1623162372.916863,0.044957637786865234,-0.039982087910175323,-0.1109713539481163,-0.03402714431285858,-0.8822783827781677,-0.4758453369140625
3,2021-06-08 16:26:11.4190,00:05,60,5,2021-06-08 16:26:12.9320,1623162372.932427,0.03266128897666931,-0.04495900496840477,-0.11300041526556015,-0.032257080078125,-0.8869781494140625,-0.47174072265625
3,2021-06-08 16:26:11.4190,00:05,60,5,2021-06-08 16:26:12.9470,1623162372.946912,0.029966969043016434,-0.05393492057919502,-0.11116310209035873,-0.0278167724609375,-0.8901214599609375,-0.468658447265625
3,2021-06-08 16:26:11.4190,00:05,60,5,2021-06-08 16:26:12.9620,1623162372.962387,0.025628680363297462,-0.05632803961634636,-0.11522096395492554,-0.02804567664861679,-0.8920287489891052,-0.4662017822265625
3,2021-06-08 16:26:11.4190,00:05,60,5,2021-06-08 16:26:12.9810,1623162372.980643,0.014924236573278904,-0.055692873895168304,-0.11252344399690628,-0.03266908973455429,-0.8936004638671875,-0.4735718071460724
3,2021-06-08 16:26:11.4190,00:05,60,5,2021-06-08 16:26:12.9940,1623162372.993566,0.025488995015621185,-0.060334496200084686,-0.10596514493227005,-0.029327422380447388,-0.8936766386032104,-0.4820098578929901
3,2021-06-08 16:26:11.4190,00:05,60,5,2021-06-08 16:26:13.0080,1623162373.0075831,0.03414800018072128,-0.0683697909116745,-0.09667178243398666,-0.01823429763317108,-0.8952942490577698,-0.49021920561790466
3,2021-06-08 16:26:11.4190,00:05,60,5,2021-06-08 16:26:13.0240,1623162373.023526,0.03363925591111183,-0.08324194699525833,-0.09940444678068161,-0.0157928429543972,-0.8987425565719604,-0.4890746474266052
3,2021-06-08 16:26:11.4190,00:05,60,5,2021-06-08 16:26:13.0370,1623162373.0371242,-0.6157023310661316,-2.5910909175872803,0.05976096913218498,-0.023330703377723694,-0.9021911025047302,-0.4877777397632599
3,2021-06-08 16:26:11.4190,00:05,60,5,2021-06-08 16:26:13.0530,1623162373.052618,-1.7709084749221802,-0.7703510522842407,-0.0479484498500824,0.10891720652580261,-1.6624144911766052,0.017501860857009888
3,2021-06-08 16:26:11.4190,00:05,60,5,2021-06-08 16:26:13.0670,1623162373.067103,-0.36068591475486755,-0.11711283028125763,-0.2322373390197754,-0.2124634087085724,-0.8068389296531677,-0.4875182807445526
3,2021-06-08 16:26:11.4190,00:05,60,5,2021-06-08 16:26:13.0830,1623162373.082639,0.4753672480583191,0.02611437439918518,0.08245616406202316,-0.1311950832605362,-0.5024566054344177,-0.5433197021484375
3,2021-06-08 16:26:11.4190,00:05,60,5,2021-06-08 16:26:13.0970,1623162373.097107,0.7278673648834229,0.07552053779363632,-0.05223187804222107,0.0321807786822319,-0.8131407499313354,-0.5634765326976776
3,2021-06-08 16:26:11.4190,00:05,60,5,2021-06-08 16:26:13.1130,1623162373.112794,0.5432184338569641,-0.011145646683871746,-0.0014983927831053734,-0.02215580642223358,-0.887664794921875,-0.5229492485523224
3,2021-06-08 16:26:11.4190,00:05,60,5,2021-06-08 16:26:13.1270,1623162373.12726,0.33995914459228516,0.031125644221901894,-0.022843629121780396,-0.03356936573982239,-0.9398956298828125,-0.4987945854663849
3,2021-06-08 16:26:11.4190,00:05,60,5,2021-06-08 16:26:13.1430,1623162373.142787,0.2675918936729431,0.08954127877950668,-0.033380959182977676,-0.037872351706027985,-0.9192047119140625,-0.4815979301929474
3,2021-06-08 16:26:11.4190,00:05,60,5,2021-06-08 16:26:13.1570,1623162373.157259,0.28183993697166443,0.060856908559799194,-0.008543252944946289,-0.02879337966442108,-0.884185791015625,-0.4743195176124573
3,2021-06-08 16:26:11.4190,00:05,60,5,2021-06-08 16:26:13.1730,1623162373.1728659,0.30383631587028503,0.013797253370285034,-0.0008637616410851479,-0.002655036747455597,-0.8760527968406677,-0.4572295844554901
3,2021-06-08 16:26:11.4190,00:05,60,5,2021-06-08 16:26:13.1870,1623162373.187438,0.30389437079429626,-0.029322784394025803,0.004346713423728943,-0.01692201942205429,-0.884506344795227,-0.4492951035499573
3,2021-06-08 16:26:11.4190,00:05,60,5,2021-06-08 16:26:13.2030,1623162373.20329,0.24968339502811432,-0.0402635857462883,-0.02689855918288231,-0.01554872840642929,-0.8954467177391052,-0.4694671928882599
3,2021-06-08 16:26:11.4190,00:05,60,5,2021-06-08 16:26:13.2170,1623162373.217468,0.11694753915071487,-0.03646991029381752,-0.0317859910428524,-0.03619384765625,-0.924301028251648,-0.4768829047679901
3,2021-06-08 16:26:11.4190,00:05,60,5,2021-06-08 16:26:13.2330,1623162373.2330909,0.045515164732933044,-0.028993619605898857,-0.010932108387351036,-0.04238893836736679,-0.914886474609375,-0.4750518798828125
3,2021-06-08 16:26:11.4190,00:05,60,5,2021-06-08 16:26:13.2470,1623162373.247468,0.012959595769643784,0.025538332760334015,-0.009017295204102993,-0.041091933846473694,-0.8917083144187927,-0.4700012505054474
3,2021-06-08 16:26:11.4190,00:05,60,5,2021-06-08 16:26:13.2630,1623162373.263097,-0.029026655480265617,0.021310031414031982,0.014297081157565117,-0.055038467049598694,-0.8964537382125854,-0.4581756293773651
3,2021-06-08 16:26:11.4190,00:05,60,5,2021-06-08 16:26:13.2780,1623162373.277524,-0.06703880429267883,0.04055509716272354,0.005578691605478525,-0.047195471823215485,-0.9085845947265625,-0.4566803276538849
3,2021-06-08 16:26:11.4190,00:05,60,5,2021-06-08 16:26:13.2930,1623162373.293304,-0.059181950986385345,0.0002835751511156559,0.0049491203390061855,-0.04515080899000168,-0.9052581787109375,-0.4492339789867401
3,2021-06-08 16:26:11.4190,00:05,60,5,2021-06-08 16:26:13.3080,1623162373.3075309,-0.05734767019748688,-0.005235293880105019,-0.010206131264567375,-0.028335608541965485,-0.8854675889015198,-0.45219430327415466
3,2021-06-08 16:26:11.4190,00:05,60,5,2021-06-08 16:26:13.3230,1623162373.323159,-0.07730334997177124,-0.03249887004494667,-0.001058971043676138,-0.043289199471473694,-0.8932341933250427,-0.4518279731273651
3,2021-06-08 16:26:11.4190,00:05,60,5,2021-06-08 16:26:13.3380,1623162373.3375192,-0.1081375926733017,-0.03809603676199913,-0.0022856234572827816,-0.03169253468513489,-0.8911590576171875,-0.4510192573070526
3,2021-06-08 16:26:11.4190,00:05,60,5,2021-06-08 16:26:13.3530,1623162373.3532228,-0.13751837611198425,-0.04320903867483139,-0.0031780486460775137,-0.034011878073215485,-0.894775390625,-0.4622650146484375
3,2021-06-08 16:26:11.4190,00:05,60,5,2021-06-08 16:26:13.3680,1623162373.367614,-0.1542622447013855,-0.020561518147587776,-0.016468554735183716,-0.04595949500799179,-0.8883819580078125,-0.4658355712890625
3,2021-06-08 16:26:11.4190,00:05,60,5,2021-06-08 16:26:13.3830,1623162373.383318,-0.1605219691991806,-0.0273794773966074,-0.011948637664318085,-0.048996005207300186,-0.8917235732078552,-0.462310791015625
3,2021-06-08 16:26:11.4190,00:05,60,5,2021-06-08 16:26:13.3980,1623162373.397759,-0.14131265878677368,-0.05253596231341362,-0.020390592515468597,-0.028976470232009888,-0.887969970703125,-0.4595794975757599
3,2021-06-08 16:26:11.4190,00:05,60,5,2021-06-08 16:26:13.4130,1623162373.413278,-0.12346123158931732,-0.040716055780649185,-0.02900698222219944,-0.02996830642223358,-0.8872681260108948,-0.4653778076171875
3,2021-06-08 16:26:11.4190,00:05,60,5,2021-06-08 16:26:13.4280,1623162373.427744,-0.09368711709976196,-0.07324710488319397,-0.012654907070100307,-0.0382537916302681,-0.8895110487937927,-0.4628447890281677
3,2021-06-08 16:26:11.4190,00:05,60,5,2021-06-08 16:26:13.4510,1623162373.450626,-0.04440782219171524,-0.09350497275590897,-0.008056160062551498,-0.018615737557411194,-0.8819732069969177,-0.4639739990234375
3,2021-06-08 16:26:11.4190,00:05,60,5,2021-06-08 16:26:13.4580,1623162373.45805,0.0315387099981308,-0.05739596486091614,-0.006713927257806063,-0.03376774489879608,-0.8734130859375,-0.4759369194507599
3,2021-06-08 16:26:11.4190,00:05,60,5,2021-06-08 16:26:13.4730,1623162373.4734569,0.07247629016637802,-0.036743950098752975,-0.0014507221058011055,-0.0512390211224556,-0.8722381591796875,-0.4757232367992401
3,2021-06-08 16:26:11.4190,00:05,60,5,2021-06-08 16:26:13.4880,1623162373.4877648,0.06394241005182266,-0.006586315110325813,-0.004011617973446846,-0.0426635816693306,-0.8922119140625,-0.4750061333179474
3,2021-06-08 16:26:11.4190,00:05,60,5,2021-06-08 16:26:13.5030,1623162373.503428,0.038130514323711395,0.00958892609924078,0.008614161983132362,-0.046447787433862686,-0.897262454032898,-0.47088623046875
3,2021-06-08 16:26:11.4190,00:05,60,5,2021-06-08 16:26:13.5180,1623162373.5177531,0.03231227770447731,0.03446924313902855,0.011497300118207932,-0.03950503095984459,-0.8909758925437927,-0.4607238471508026
3,2021-06-08 16:26:11.4190,00:05,60,5,2021-06-08 16:26:13.5330,1623162373.533461,0.001962364884093404,0.048412222415208817,0.0003168177790939808,-0.04386904835700989,-0.8934935927391052,-0.4565734565258026
3,2021-06-08 16:26:11.4190,00:05,60,5,2021-06-08 16:26:13.5480,1623162373.54792,-0.005720243323594332,0.04283423349261284,0.010921258479356766,-0.03468327224254608,-0.89459228515625,-0.4564819633960724
3,2021-06-08 16:26:11.4190,00:05,60,5,2021-06-08 16:26:13.5630,1623162373.563422,-0.0017742374911904335,0.06376800686120987,-0.004492850974202156,-0.02218630537390709,-0.8772734999656677,-0.4619750380516052
3,2021-06-08 16:26:11.4190,00:05,60,5,2021-06-08 16:26:13.5780,1623162373.577802,-0.0017997496761381626,0.024392906576395035,0.006395216099917889,-0.03382877632975578,-0.8870238661766052,-0.4706268310546875
3,2021-06-08 16:26:11.4190,00:05,60,5,2021-06-08 16:26:13.5940,1623162373.593512,-0.014414611272513866,0.017125139012932777,-0.007101151160895824,-0.021255500614643097,-0.8801726698875427,-0.4724273085594177
3,2021-06-08 16:26:11.4190,00:05,60,5,2021-06-08 16:26:13.6080,1623162373.607975,-0.03589524328708649,-0.00484886858612299,-0.0014565810561180115,-0.035278357565402985,-0.8866118788719177,-0.466888427734375
3,2021-06-08 16:26:11.4190,00:05,60,5,2021-06-08 16:26:13.6240,1623162373.623767,-0.02517111785709858,0.0018093001563102007,-0.013736417517066002,-0.03038029372692108,-0.8786925077438354,-0.4646911323070526
3,2021-06-08 16:26:11.4190,00:05,60,5,2021-06-08 16:26:13.6380,1623162373.6379519,-0.047109998762607574,0.008881856687366962,-0.014577975496649742,-0.04603578522801399,-0.8884429335594177,-0.4690551459789276
3,2021-06-08 16:26:11.4190,00:05,60,5,2021-06-08 16:26:13.6540,1623162373.653582,-0.05447470396757126,0.02737058699131012,-0.013201387599110603,-0.039871230721473694,-0.8880767822265625,-0.471527099609375
3,2021-06-08 16:26:11.4190,00:05,60,5,2021-06-08 16:26:13.6680,1623162373.667978,-0.015858231112360954,0.0073430826887488365,-0.010633300989866257,-0.03985598310828209,-0.8824614882469177,-0.47418212890625
3,2021-06-08 16:26:11.4190,00:05,60,5,2021-06-08 16:26:13.6840,1623162373.683505,-0.01091068983078003,-0.00530480220913887,-0.017481353133916855,-0.019027717411518097,-0.8833312392234802,-0.472808837890625
3,2021-06-08 16:26:11.4190,00:05,60,5,2021-06-08 16:26:13.6980,1623162373.69808,-0.02099062129855156,-0.00704597681760788,-0.0031559441704303026,-0.03601076826453209,-0.8913421034812927,-0.4721374213695526
3,2021-06-08 16:26:11.4190,00:05,60,5,2021-06-08 16:26:13.7140,1623162373.713799,-0.025759542360901833,-0.014908959157764912,-0.006886500399559736,-0.03807069733738899,-0.8965607285499573,-0.4764557182788849
3,2021-06-08 16:26:11.4190,00:05,60,5,2021-06-08 16:26:13.7280,1623162373.728133,-0.010066361166536808,0.0017994465306401253,-0.0027474150992929935,-0.042831435799598694,-0.8949126601219177,-0.4777526259422302
3,2021-06-08 16:26:11.4190,00:05,60,5,2021-06-08 16:26:13.7440,1623162373.743672,0.04913001134991646,0.03292487561702728,0.0021410826593637466,-0.04786686599254608,-0.8916168212890625,-0.4815674424171448
3,2021-06-08 16:26:11.4190,00:05,60,5,2021-06-08 16:26:13.7580,1623162373.758095,0.0927087813615799,0.040285054594278336,0.015192437916994095,-0.04145815223455429,-0.9004973769187927,-0.4806518256664276
3,2021-06-08 16:26:11.4190,00:05,60,5,2021-06-08 16:26:13.7740,1623162373.7737231,0.16710178554058075,0.050879109650850296,0.020422618836164474,-0.03878786787390709,-0.89996337890625,-0.4868011772632599
3,2021-06-08 16:26:11.4190,00:05,60,5,2021-06-08 16:26:13.7880,1623162373.7881598,0.2651478052139282,0.0689755529165268,0.03838244453072548,-0.041152987629175186,-0.8785247802734375,-0.4738312065601349
3,2021-06-08 16:26:11.4190,00:05,60,5,2021-06-08 16:26:13.8040,1623162373.803777,0.2689119875431061,0.035771530121564865,0.07016540318727493,-0.03926090523600578,-0.89398193359375,-0.4689483940601349
3,2021-06-08 16:26:11.4190,00:05,60,5,2021-06-08 16:26:13.8180,1623162373.818201,0.22243483364582062,0.03722747787833214,0.08004014194011688,-0.027420058846473694,-0.9157257676124573,-0.4591065049171448
3,2021-06-08 16:26:11.4190,00:05,60,5,2021-06-08 16:26:13.8340,1623162373.833724,0.0984407290816307,-0.11844228208065033,0.08762029558420181,-0.03990175575017929,-0.9344635009765625,-0.4649810791015625
3,2021-06-08 16:26:11.4190,00:05,60,5,2021-06-08 16:26:13.8480,1623162373.848208,-0.16976983845233917,-0.25728535652160645,0.11122975498437881,0.0014037862420082092,-1.0198363065719604,-0.4471587836742401
3,2021-06-08 16:26:11.4190,00:05,60,5,2021-06-08 16:26:13.8640,1623162373.8638039,-0.2093401551246643,-0.2340431809425354,0.11527855694293976,0.01036069169640541,-0.9971007704734802,-0.4625091254711151
3,2021-06-08 16:26:11.4190,00:05,60,5,2021-06-08 16:26:13.8780,1623162373.878468,-0.1463717222213745,-0.3305385410785675,0.19428949058055878,-0.0675048902630806,-0.9179686903953552,-0.4450683891773224
3,2021-06-08 16:26:11.4190,00:05,60,5,2021-06-08 16:26:13.8940,1623162373.8938441,-0.14875364303588867,-0.3178586959838867,0.23211783170700073,-0.03692629188299179,-0.893768310546875,-0.4199371933937073
3,2021-06-08 16:26:11.4190,00:05,60,5,2021-06-08 16:26:13.9080,1623162373.90827,-0.27993279695510864,-0.21859312057495117,0.20223955810070038,-0.08670046925544739,-0.9470672607421875,-0.4353485703468323
3,2021-06-08 16:26:11.4190,00:05,60,5,2021-06-08 16:26:13.9240,1623162373.923841,-0.24356390535831451,-0.07391848415136337,0.19936494529247284,-0.10208133608102798,-0.9257202744483948,-0.45175179839134216
3,2021-06-08 16:26:11.4190,00:05,60,5,2021-06-08 16:26:13.9380,1623162373.93829,-0.09933435171842575,0.04405262693762779,0.15771523118019104,-0.0698547512292862,-0.8010711669921875,-0.4941406548023224
3,2021-06-08 16:26:11.4190,00:05,60,5,2021-06-08 16:26:13.9540,1623162373.953895,0.05472339317202568,0.13870322704315186,0.20081129670143127,-0.035873427987098694,-0.7855377197265625,-0.5151062309741974
3,2021-06-08 16:26:11.4190,00:05,60,5,2021-06-08 16:26:13.9680,1623162373.968334,0.18437619507312775,0.5230666399002075,0.15914560854434967,-0.01486208289861679,-0.7310027480125427,-0.5885009467601776
3,2021-06-08 16:26:11.4190,00:05,60,5,2021-06-08 16:26:13.9840,1623162373.984103,0.3092438280582428,1.4156672954559326,-0.07155364006757736,-0.09860233217477798,-0.7400512099266052,-0.7117767333984375
3,2021-06-08 16:26:11.4190,00:05,60,5,2021-06-08 16:26:13.9980,1623162373.9983912,-0.37256938219070435,0.7166187763214111,0.1451570987701416,-0.1818847879767418,-0.841094970703125,-0.8235931694507599
3,2021-06-08 16:26:11.4190,00:05,60,5,2021-06-08 16:26:14.0140,1623162374.013955,-0.30338340997695923,-0.7972404956817627,0.5683198571205139,0.033706627786159515,-1.0969695448875427,0.08412167429924011
3,2021-06-08 16:26:11.4190,00:05,60,5,2021-06-08 16:26:14.0280,1623162374.028292,-0.36966583132743835,-0.16317220032215118,-0.09988754987716675,-0.1523132398724556,-0.9434967041015625,-0.3642578423023224
3,2021-06-08 16:26:11.4190,00:05,60,5,2021-06-08 16:26:14.0910,1623162374.090836,-0.09177091717720032,0.1888284534215927,0.005854594986885786,-0.2382965311408043,-0.9043427109718323,-0.3058319389820099
3,2021-06-08 16:26:11.4190,00:05,60,5,2021-06-08 16:26:14.0910,1623162374.09095,0.021621232852339745,0.26679515838623047,-0.1184963807463646,-0.09101871401071548,-0.8699035048484802,-0.3929901421070099
3,2021-06-08 16:26:11.4190,00:05,60,5,2021-06-08 16:26:14.0910,1623162374.0909839,0.13957875967025757,0.19388845562934875,-0.1700783520936966,-0.018631018698215485,-0.8592376708984375,-0.3990631401538849
3,2021-06-08 16:26:11.4190,00:05,60,5,2021-06-08 16:26:14.0910,1623162374.0910149,0.21186946332454681,0.2201261818408966,-0.16432219743728638,-0.032882727682590485,-0.8175353407859802,-0.4689636528491974
3,2021-06-08 16:26:11.4190,00:05,60,5,2021-06-08 16:26:14.1110,1623162374.11088,0.19787399470806122,0.2986375093460083,-0.13560587167739868,-0.05935673043131828,-0.823501467704773,-0.4864196181297302
3,2021-06-08 16:26:11.4190,00:05,60,5,2021-06-08 16:26:14.1190,1623162374.118538,0.08978622406721115,0.30608052015304565,-0.11983169615268707,-0.04797367379069328,-0.8674163222312927,-0.485931396484375
3,2021-06-08 16:26:11.4190,00:05,60,5,2021-06-08 16:26:14.1340,1623162374.134278,-0.05914865806698799,0.27283522486686707,-0.10199756920337677,-0.03303529694676399,-0.891998291015625,-0.4806213676929474
3,2021-06-08 16:26:11.4190,00:05,60,5,2021-06-08 16:26:14.1480,1623162374.148422,-0.10958392173051834,0.2423691749572754,-0.08149789273738861,-0.0224456749856472,-0.9002379775047302,-0.494476318359375
3,2021-06-08 16:26:11.4190,00:05,60,5,2021-06-08 16:26:14.1640,1623162374.164016,-0.044600024819374084,0.20203213393688202,-0.0782024934887886,-0.0123443603515625,-0.87890625,-0.500823974609375
3,2021-06-08 16:26:11.4190,00:05,60,5,2021-06-08 16:26:14.1780,1623162374.178351,0.027166813611984253,0.11562135070562363,-0.06302433460950851,0.017913788557052612,-0.8637542128562927,-0.5200958251953125
3,2021-06-08 16:26:11.4190,00:05,60,5,2021-06-08 16:26:14.1940,1623162374.193931,-7.652529166080058e-05,0.0078117987141013145,-0.04315608739852905,0.023208588361740112,-0.87542724609375,-0.5330810844898224
3,2021-06-08 16:26:11.4190,00:05,60,5,2021-06-08 16:26:14.2080,1623162374.208407,-0.0436895415186882,-0.08183526247739792,-0.020665429532527924,0.015548661351203918,-0.8781737685203552,-0.5552063584327698
3,2021-06-08 16:26:11.4190,00:05,60,5,2021-06-08 16:26:14.2240,1623162374.223956,-0.025919731706380844,-0.14437854290008545,0.0014015231281518936,0.007110577076673508,-0.8744048476219177,-0.5457153022289276
3,2021-06-08 16:26:11.4190,00:05,60,5,2021-06-08 16:26:14.2380,1623162374.238473,-0.9174762964248657,0.7250463366508484,-0.014773452654480934,-0.1317596696317196,-1.2654265761375427,-0.2848205864429474
3,2021-06-08 16:26:11.4190,00:05,60,5,2021-06-08 16:26:14.2540,1623162374.254386,0.34347376227378845,-0.3716803789138794,0.07994639873504639,0.02113340049982071,-0.6634063720703125,-0.6488800644874573
3,2021-06-08 16:26:11.4190,00:05,60,5,2021-06-08 16:26:14.2690,1623162374.268513,0.20816799998283386,-0.193728506565094,-0.004229464568197727,-0.02011110633611679,-0.80780029296875,-0.5148468315601349
3,2021-06-08 16:26:11.4190,00:05,60,5,2021-06-08 16:26:14.2840,1623162374.284049,0.006080170627683401,-0.16029119491577148,0.0391843244433403,-0.10777288302779198,-0.9436798691749573,-0.46640023589134216
3,2021-06-08 16:26:11.4190,00:05,60,5,2021-06-08 16:26:14.2990,1623162374.298671,-0.25863516330718994,-0.15472865104675293,0.03069576434791088,-0.08978273347020149,-0.9729155898094177,-0.4458923637866974
3,2021-06-08 16:26:11.4190,00:05,60,5,2021-06-08 16:26:14.3140,1623162374.314083,-0.1700240671634674,-0.14148740470409393,0.032464101910591125,-0.05992128327488899,-0.9125060439109802,-0.4411011338233948
3,2021-06-08 16:26:11.4190,00:05,60,5,2021-06-08 16:26:14.3280,1623162374.3284879,-0.03187813237309456,-0.07547483593225479,0.02991599030792713,-0.0865478552877903,-0.8475036025047302,-0.470367431640625
3,2021-06-08 16:26:11.4190,00:05,60,5,2021-06-08 16:26:14.3440,1623162374.34412,-0.007196033839136362,-0.0010272327344864607,0.01311570219695568,-0.10026554018259048,-0.8695526123046875,-0.4769745171070099
3,2021-06-08 16:26:11.4190,00:05,60,5,2021-06-08 16:26:14.3580,1623162374.3584971,-0.025788865983486176,0.027088291943073273,-0.005930957850068808,-0.08366398140788078,-0.894683837890625,-0.4980468451976776
3,2021-06-08 16:26:11.4190,00:05,60,5,2021-06-08 16:26:14.3740,1623162374.374061,0.019230538979172707,0.03840139880776405,-0.01798815280199051,-0.06564332917332649,-0.881683349609375,-0.5055390000343323
3,2021-06-08 16:26:11.4190,00:05,60,5,2021-06-08 16:26:14.3890,1623162374.388602,0.062451593577861786,0.04622337222099304,-0.03399481624364853,-0.044967666268348694,-0.8667754530906677,-0.519561767578125
3,2021-06-08 16:26:11.4190,00:05,60,5,2021-06-08 16:26:14.4040,1623162374.404089,0.05232228711247444,0.03818381950259209,-0.04217524826526642,-0.03437807783484459,-0.8717041015625,-0.51800537109375
3,2021-06-08 16:26:11.4190,00:05,60,5,2021-06-08 16:26:14.4190,1623162374.418597,0.030090298503637314,0.015440423972904682,-0.05134797468781471,-0.02287295088171959,-0.8790131211280823,-0.5099793374538422
3,2021-06-08 16:26:11.4190,00:05,60,5,2021-06-08 16:26:14.4340,1623162374.434099,0.01942247338593006,-0.014434651471674442,-0.058874864131212234,-0.016937263309955597,-0.8783263564109802,-0.513214111328125
3,2021-06-08 16:26:11.4190,00:05,60,5,2021-06-08 16:26:14.4490,1623162374.448745,0.012784252874553204,-0.03778151795268059,-0.058401890099048615,-0.015075724571943283,-0.8752747774124146,-0.5087586045265198
3,2021-06-08 16:26:11.4190,00:05,60,5,2021-06-08 16:26:14.4640,1623162374.464462,-0.0048967935144901276,-0.06006871536374092,-0.05077805742621422,-0.01641850546002388,-0.8783111572265625,-0.4976959228515625
3,2021-06-08 16:26:11.4190,00:05,60,5,2021-06-08 16:26:14.4790,1623162374.478763,-0.03663299232721329,-0.07570812851190567,-0.0471244677901268,-0.0277557410299778,-0.8858489394187927,-0.4832458794116974
3,2021-06-08 16:26:11.4190,00:05,60,5,2021-06-08 16:26:14.4940,1623162374.494276,-0.01631120778620243,-0.08831366896629333,-0.038121920078992844,-0.03547671064734459,-0.882049560546875,-0.4749755859375
3,2021-06-08 16:26:11.4190,00:05,60,5,2021-06-08 16:26:14.5090,1623162374.508774,-0.005430544260889292,-0.07485698163509369,-0.03598686307668686,-0.05075075104832649,-0.8809356093406677,-0.4646148383617401
3,2021-06-08 16:26:11.4190,00:05,60,5,2021-06-08 16:26:14.5240,1623162374.524321,0.006737385410815477,-0.06778256595134735,-0.02461383119225502,-0.0558013990521431,-0.881622314453125,-0.4640197455883026
3,2021-06-08 16:26:11.4190,00:05,60,5,2021-06-08 16:26:14.5390,1623162374.53876,0.020733948796987534,-0.057677462697029114,-0.014334563165903091,-0.06031803414225578,-0.882781982421875,-0.457183837890625
3,2021-06-08 16:26:11.4190,00:05,60,5,2021-06-08 16:26:14.5540,1623162374.5542731,0.01655038818717003,-0.03383497893810272,-0.013887418434023857,-0.06610111147165298,-0.885208249092102,-0.4604492783546448
3,2021-06-08 16:26:11.4190,00:05,60,5,2021-06-08 16:26:14.5690,1623162374.5687199,0.0031269111204892397,-0.015477544628083706,-0.009057242423295975,-0.064117431640625,-0.8857573866844177,-0.4740295112133026
3,2021-06-08 16:26:11.4190,00:05,60,5,2021-06-08 16:26:14.5840,1623162374.58447,-0.029799934476614,-0.0007606502622365952,-0.00981118343770504,-0.0577850304543972,-0.8823089003562927,-0.4748077690601349
3,2021-06-08 16:26:11.4190,00:05,60,5,2021-06-08 16:26:14.5990,1623162374.598834,-0.042349815368652344,0.0073617249727249146,-0.005396727938205004,-0.04611208289861679,-0.8726348280906677,-0.48486328125
3,2021-06-08 16:26:11.4190,00:05,60,5,2021-06-08 16:26:14.6140,1623162374.614413,-0.050241824239492416,0.0016367272473871708,-0.017257913947105408,-0.04132082313299179,-0.8724822998046875,-0.4862213134765625
3,2021-06-08 16:26:11.4190,00:05,60,5,2021-06-08 16:26:14.6290,1623162374.628916,-0.054243382066488266,-0.010072393342852592,-0.03267228975892067,-0.0313110426068306,-0.8725432753562927,-0.5001525580883026
3,2021-06-08 16:26:11.4190,00:05,60,5,2021-06-08 16:26:14.6440,1623162374.644425,-0.008560078218579292,-0.019107699394226074,-0.04506611078977585,-0.029800444841384888,-0.8640746474266052,-0.499969482421875
3,2021-06-08 16:26:11.4190,00:05,60,5,2021-06-08 16:26:14.6590,1623162374.6589231,0.04890457168221474,-0.0207655169069767,-0.06213963404297829,-0.02673344314098358,-0.85455322265625,-0.5018157958984375
3,2021-06-08 16:26:11.4190,00:05,60,5,2021-06-08 16:26:14.6750,1623162374.6746569,0.0468163900077343,-0.029088694602251053,-0.0762069895863533,-0.026077307760715485,-0.8623809218406677,-0.5045928955078125
3,2021-06-08 16:26:11.4190,00:05,60,5,2021-06-08 16:26:14.6890,1623162374.689017,0.027881287038326263,-0.04259571433067322,-0.07600271701812744,-0.02767946943640709,-0.8816527724266052,-0.5017547607421875
3,2021-06-08 16:26:11.4190,00:05,60,5,2021-06-08 16:26:14.7050,1623162374.7045798,0.002602029126137495,-0.045592304319143295,-0.08336476236581802,-0.031860388815402985,-0.8902587294578552,-0.5030822455883026
3,2021-06-08 16:26:11.4190,00:05,60,5,2021-06-08 16:26:14.7190,1623162374.719147,-0.006458524148911238,-0.05679355934262276,-0.07231424003839493,-0.03385927528142929,-0.889495849609375,-0.5013275146484375
3,2021-06-08 16:26:11.4190,00:05,60,5,2021-06-08 16:26:14.7350,1623162374.7345471,0.16646479070186615,-0.0736849308013916,-0.06437189877033234,-0.03218082711100578,-0.8894957900047302,-0.4991149604320526
3,2021-06-08 16:26:11.4190,00:05,60,5,2021-06-08 16:26:14.7490,1623162374.748991,-0.030074184760451317,-0.269451767206192,-0.08360818028450012,0.006301868706941605,-0.9824827909469604,-0.3994598090648651
3,2021-06-08 16:26:11.4190,00:05,60,5,2021-06-08 16:26:14.7640,1623162374.764498,0.3303854763507843,-0.19828784465789795,-0.03362303972244263,-0.00244140625,-0.89703369140625,-0.4836272597312927
3,2021-06-08 16:26:11.4190,00:05,60,5,2021-06-08 16:26:14.7790,1623162374.779098,0.5443069338798523,-0.16321933269500732,-0.07797585427761078,-0.04066472500562668,-0.8036193251609802,-0.46075439453125
3,2021-06-08 16:26:11.4190,00:05,60,5,2021-06-08 16:26:14.7950,1623162374.794677,0.5111069083213806,-0.14176464080810547,-0.054738711565732956,-0.007171668112277985,-0.869293212890625,-0.4507293701171875
3,2021-06-08 16:26:11.4190,00:05,60,5,2021-06-08 16:26:14.8090,1623162374.809087,0.4392315745353699,-0.0978294089436531,-0.04069240018725395,-0.07180789858102798,-0.9256438612937927,-0.4512787163257599
3,2021-06-08 16:26:11.4190,00:05,60,5,2021-06-08 16:26:14.8250,1623162374.824723,0.35919076204299927,-0.02390458434820175,-0.015851233154535294,-0.056396517902612686,-0.9221038818359375,-0.4468689262866974
3,2021-06-08 16:26:11.4190,00:05,60,5,2021-06-08 16:26:14.8390,1623162374.8391151,0.2762424945831299,0.05308154225349426,0.009836019948124886,-0.06135561689734459,-0.8930053114891052,-0.4443053603172302
3,2021-06-08 16:26:11.4190,00:05,60,5,2021-06-08 16:26:14.8550,1623162374.8547401,0.2260829210281372,0.03978970646858215,0.006588561926037073,-0.05635075643658638,-0.9042968153953552,-0.4338836967945099
3,2021-06-08 16:26:11.4190,00:05,60,5,2021-06-08 16:26:14.8690,1623162374.869323,0.25953370332717896,0.020350495353341103,0.007175256498157978,-0.0301818884909153,-0.8978729248046875,-0.4508056640625
3,2021-06-08 16:26:11.4190,00:05,60,5,2021-06-08 16:26:14.8850,1623162374.8853168,0.24369509518146515,0.011905343271791935,0.01311490498483181,-0.02828981727361679,-0.8943939208984375,-0.44696044921875
3,2021-06-08 16:26:11.4190,00:05,60,5,2021-06-08 16:26:14.8990,1623162374.89941,0.22899644076824188,-0.022222265601158142,0.013727697543799877,-0.03523257374763489,-0.9024962782859802,-0.442657470703125
3,2021-06-08 16:26:11.4190,00:05,60,5,2021-06-08 16:26:14.9150,1623162374.9149132,0.1747627705335617,-0.028661256656050682,0.004578141495585442,-0.022918719798326492,-0.90576171875,-0.4411621391773224
3,2021-06-08 16:26:11.4190,00:05,60,5,2021-06-08 16:26:14.9290,1623162374.9293308,0.15585674345493317,-0.014442107640206814,0.00750309182330966,-0.045959509909152985,-0.8966675400733948,-0.44918832182884216
3,2021-06-08 16:26:11.4190,00:05,60,5,2021-06-08 16:26:14.9450,1623162374.945002,0.1015225350856781,-0.02311735413968563,0.0038550938479602337,-0.039688143879175186,-0.909988284111023,-0.4413604736328125
3,2021-06-08 16:26:11.4190,00:05,60,5,2021-06-08 16:26:14.9590,1623162374.959481,0.08901718258857727,-0.02089121751487255,0.02008998952805996,-0.03292849659919739,-0.894134521484375,-0.4283447265625
3,2021-06-08 16:26:11.4190,00:05,60,5,2021-06-08 16:26:14.9750,1623162374.97489,0.08800385147333145,-0.03888672962784767,0.005842610727995634,-0.043060336261987686,-0.90313720703125,-0.4297790825366974
3,2021-06-08 16:26:11.4190,00:05,60,5,2021-06-08 16:26:14.9900,1623162374.989554,0.09041856974363327,-0.04827916622161865,0.003472663927823305,-0.034317031502723694,-0.9019164443016052,-0.426300048828125
3,2021-06-08 16:26:11.4190,00:05,60,5,2021-06-08 16:26:15.0050,1623162375.004904,0.0008704416686668992,-0.045415204018354416,-0.002537824446335435,-0.04110719636082649,-0.9173583388328552,-0.41778564453125
3,2021-06-08 16:26:11.4190,00:05,60,5,2021-06-08 16:26:15.0200,1623162375.019592,-0.007434040307998657,-0.037518665194511414,0.011682655662298203,-0.0584106482565403,-0.9253081679344177,-0.4120331108570099
3,2021-06-08 16:26:11.4190,00:05,60,5,2021-06-08 16:26:15.0350,1623162375.035174,0.02648051828145981,-0.04043988510966301,-0.015143897384405136,-0.03884889557957649,-0.9087525606155396,-0.4140778183937073
3,2021-06-08 16:26:11.4190,00:05,60,5,2021-06-08 16:26:15.0500,1623162375.04994,0.005835985764861107,-0.02161400020122528,-0.012572881765663624,-0.037567172199487686,-0.8997040390968323,-0.412139892578125
3,2021-06-08 16:26:11.4190,00:05,60,5,2021-06-08 16:26:15.0650,1623162375.065322,-0.037089139223098755,-0.020389745011925697,0.0014467970468103886,-0.05535893514752388,-0.9223174452781677,-0.4141692817211151
3,2021-06-08 16:26:11.4190,00:05,60,5,2021-06-08 16:26:15.0790,1623162375.07939,-0.035960517823696136,0.00187268340960145,-0.01041652075946331,-0.029541015625,-0.9108580350875854,-0.4250182807445526
3,2021-06-08 16:26:11.4190,00:05,60,5,2021-06-08 16:26:15.0950,1623162375.095065,0.007965396158397198,-0.006651296280324459,-0.008050834760069847,-0.03727724030613899,-0.9130858182907104,-0.4249267280101776
3,2021-06-08 16:26:11.4190,00:05,60,5,2021-06-08 16:26:15.1090,1623162375.109458,0.02605031058192253,0.015655340626835823,0.0005160225555300713,-0.030395518988370895,-0.9031219482421875,-0.4228668212890625
3,2021-06-08 16:26:11.4190,00:05,60,5,2021-06-08 16:26:15.1250,1623162375.124958,0.0171249657869339,0.02664674073457718,-0.00033911876380443573,-0.04560853913426399,-0.9130095839500427,-0.4277649223804474
3,2021-06-08 16:26:11.4190,00:05,60,5,2021-06-08 16:26:15.1390,1623162375.139429,0.014889507554471493,0.047491833567619324,0.01071220077574253,-0.03494265675544739,-0.9087066054344177,-0.4344940483570099
3,2021-06-08 16:26:11.4190,00:05,60,5,2021-06-08 16:26:15.1550,1623162375.155015,-0.02131723240017891,0.0628388300538063,0.014841698110103607,-0.044540438801050186,-0.913986086845398,-0.43475341796875
3,2021-06-08 16:26:11.4190,00:05,60,5,2021-06-08 16:26:15.1760,1623162375.175566,-0.0029547899030148983,0.031238295137882233,0.03803730010986328,-0.032989513128995895,-0.9217986464500427,-0.4244537055492401
3,2021-06-08 16:26:11.4190,00:05,60,5,2021-06-08 16:26:15.1880,1623162375.187846,0.04779382422566414,0.008606752380728722,0.0023914198391139507,-0.02589419111609459,-0.9055176377296448,-0.443450927734375
3,2021-06-08 16:26:11.4190,00:05,60,5,2021-06-08 16:26:15.2000,1623162375.1997619,0.07403905689716339,0.012213471345603466,0.0075289239175617695,-0.03671267628669739,-0.8992156982421875,-0.434967041015625
3,2021-06-08 16:26:11.4190,00:05,60,5,2021-06-08 16:26:15.2150,1623162375.215361,0.08944464474916458,0.015537895262241364,-0.0037160071078687906,-0.042785678058862686,-0.906143307685852,-0.43234261870384216
3,2021-06-08 16:26:11.4190,00:05,60,5,2021-06-08 16:26:15.2300,1623162375.22959,0.10291891545057297,0.0030029290355741978,0.0030351062305271626,-0.03706362843513489,-0.9177855849266052,-0.4259032905101776
3,2021-06-08 16:26:11.4190,00:05,60,5,2021-06-08 16:26:15.2450,1623162375.245271,0.12617379426956177,0.03427723050117493,-0.002984170336276293,-0.028884898871183395,-0.9024505019187927,-0.4333496391773224
3,2021-06-08 16:26:11.4190,00:05,60,5,2021-06-08 16:26:15.2600,1623162375.259673,0.09595490247011185,0.014274491928517818,-0.002306662267073989,-0.04145815968513489,-0.9201812148094177,-0.4199066460132599
3,2021-06-08 16:26:11.4190,00:05,60,5,2021-06-08 16:26:15.2750,1623162375.275336,0.06945565342903137,0.021435465663671494,0.0002465103752911091,-0.030975375324487686,-0.920562744140625,-0.422943115234375
3,2021-06-08 16:26:11.4190,00:05,60,5,2021-06-08 16:26:15.2900,1623162375.2897382,0.07119365781545639,0.009041380137205124,0.005612247157841921,-0.05842593312263489,-0.916595458984375,-0.4187927544116974
3,2021-06-08 16:26:11.4190,00:05,60,5,2021-06-08 16:26:15.3050,1623162375.3053222,0.08332062512636185,0.01792115904390812,0.015470471233129501,-0.04052738472819328,-0.9060211181640625,-0.4194031059741974
3,2021-06-08 16:26:11.4190,00:05,60,5,2021-06-08 16:26:15.3200,1623162375.319758,0.021390283480286598,0.024156950414180756,0.02580646611750126,-0.05522160604596138,-0.923370361328125,-0.4209137260913849
3,2021-06-08 16:26:11.4190,00:05,60,5,2021-06-08 16:26:15.3450,1623162375.345444,0.007271269336342812,0.014162905514240265,0.02551298402249813,-0.0573272779583931,-0.9226378798484802,-0.4188537299633026
3,2021-06-08 16:26:11.4190,00:05,60,5,2021-06-08 16:26:15.3500,1623162375.3499842,0.011454456485807896,-0.011614629998803139,0.020433004945516586,-0.04238894209265709,-0.9144896864891052,-0.42010498046875
3,2021-06-08 16:26:11.4190,00:05,60,5,2021-06-08 16:26:15.3660,1623162375.365536,-0.013933219015598297,-0.03021840751171112,0.014089088886976242,-0.0364685095846653,-0.9162291884422302,-0.4171142578125
3,2021-06-08 16:26:11.4190,00:05,60,5,2021-06-08 16:26:15.3800,1623162375.3798552,-0.020142937079072,-0.013349412940442562,0.006443419959396124,-0.04426578804850578,-0.908538818359375,-0.4195709526538849
3,2021-06-08 16:26:11.4190,00:05,60,5,2021-06-08 16:26:15.3950,1623162375.395437,0.0056758769787848,-0.02040678821504116,0.005104382056742907,-0.0546417310833931,-0.9096527099609375,-0.41680908203125
3,2021-06-08 16:26:11.4190,00:05,60,5,2021-06-08 16:26:15.4100,1623162375.409882,0.07417748868465424,-0.29426202178001404,0.3026721477508545,-0.19444279745221138,-0.9774627089500427,-0.4309844970703125
3,2021-06-08 16:26:11.4190,00:05,60,5,2021-06-08 16:26:15.4250,1623162375.425436,0.003142623696476221,0.07699725776910782,-0.03531414642930031,-0.2871093973517418,-1.0326079726219177,-0.4553070068359375
3,2021-06-08 16:26:11.4190,00:05,60,5,2021-06-08 16:26:15.4400,1623162375.439894,-0.018467489629983902,-0.0127384839579463,-0.016626212745904922,-0.031875647604465485,-0.8960723876953125,-0.4072723090648651
3,2021-06-08 16:26:11.4190,00:05,60,5,2021-06-08 16:26:15.4550,1623162375.455476,-0.039300065487623215,-0.0011204432230442762,-0.0002829260192811489,-0.059753451496362686,-0.9121245741844177,-0.4202270805835724
3,2021-06-08 16:26:11.4190,00:05,60,5,2021-06-08 16:26:15.4700,1623162375.4699311,-0.08832287043333054,0.013222276233136654,-0.014985439367592335,-0.041534457355737686,-0.9062501192092896,-0.4121857285499573
3,2021-06-08 16:26:11.4190,00:05,60,5,2021-06-08 16:26:15.4860,1623162375.485853,-0.13833321630954742,0.014296862296760082,-0.02751214988529682,-0.045242324471473694,-0.9060057997703552,-0.4180603325366974
3,2021-06-08 16:26:11.4190,00:05,60,5,2021-06-08 16:26:15.5000,1623162375.4998941,-0.37306398153305054,0.1260300576686859,-0.0933297798037529,-0.023101847618818283,-0.8932189345359802,-0.4476471245288849
3,2021-06-08 16:26:11.4190,00:05,60,5,2021-06-08 16:26:15.5150,1623162375.515473,-0.7165241241455078,0.1645319014787674,-0.1490684151649475,-0.044754039496183395,-0.8926085829734802,-0.487213134765625
3,2021-06-08 16:26:11.4190,00:05,60,5,2021-06-08 16:26:15.5300,1623162375.529962,-1.0810236930847168,0.0179176963865757,-0.13054399192333221,-0.040893591940402985,-0.89544677734375,-0.5505829155445099
3,2021-06-08 16:26:11.4190,00:05,60,5,2021-06-08 16:26:15.5460,1623162375.54558,-0.8685159087181091,-0.2893442213535309,-0.05498212203383446,-0.02481081709265709,-0.925994873046875,-0.5010223686695099
3,2021-06-08 16:26:11.4190,00:05,60,5,2021-06-08 16:26:15.5600,1623162375.5600839,-0.48829346895217896,0.1067759245634079,0.0951506569981575,-0.1502533182501793,-1.0349884033203125,-0.3993378281593323
3,2021-06-08 16:26:11.4190,00:05,60,5,2021-06-08 16:26:15.5770,1623162375.577331,-0.2735596001148224,0.037693530321121216,-0.05071760714054108,-0.1541290581226349,-0.856109619140625,-0.5008850395679474
3,2021-06-08 16:26:11.4190,00:05,60,5,2021-06-08 16:26:15.5900,1623162375.590187,0.061744123697280884,-0.11767449229955673,-0.044553451240062714,0.04931635782122612,-0.8397216200828552,-0.4633941650390625
3,2021-06-08 16:26:11.4190,00:05,60,5,2021-06-08 16:26:15.6060,1623162375.605747,0.10825340449810028,-0.14906063675880432,-0.0587768629193306,0.023101795464754105,-0.8710479140281677,-0.461090087890625
3,2021-06-08 16:26:11.4190,00:05,60,5,2021-06-08 16:26:15.6200,1623162375.620199,-0.0022971220314502716,-0.08443743735551834,-0.011996573768556118,-0.07707216590642929,-0.9348753690719604,-0.4669952094554901
3,2021-06-08 16:26:11.4190,00:05,60,5,2021-06-08 16:26:15.6360,1623162375.636215,-0.03732354938983917,-0.06285332143306732,0.006969926878809929,-0.07084657624363899,-0.924056887626648,-0.459716796875
3,2021-06-08 16:26:11.4190,00:05,60,5,2021-06-08 16:26:15.6500,1623162375.650476,-0.017385048791766167,-0.079241082072258,0.00456935353577137,-0.028747566044330597,-0.8931732177734375,-0.4476166069507599
3,2021-06-08 16:26:11.4190,00:05,60,5,2021-06-08 16:26:15.6660,1623162375.66604,-0.030088486149907112,-0.05721673369407654,0.0017144447192549706,-0.03352358192205429,-0.884903073310852,-0.4422760605812073
3,2021-06-08 16:26:11.4190,00:05,60,5,2021-06-08 16:26:15.6800,1623162375.680455,-0.029945021495223045,-0.024304324761033058,-0.0036552869714796543,-0.04977421835064888,-0.8935088515281677,-0.43499755859375
3,2021-06-08 16:26:11.4190,00:05,60,5,2021-06-08 16:26:15.6960,1623162375.6960402,-0.0068839117884635925,-0.011474547907710075,-0.019054483622312546,-0.04426577687263489,-0.8898162245750427,-0.433380126953125
3,2021-06-08 16:26:11.4190,00:05,60,5,2021-06-08 16:26:15.7100,1623162375.710438,0.0439283512532711,-0.0010914148297160864,-0.031991854310035706,-0.02967837080359459,-0.8683624267578125,-0.4512481987476349
3,2021-06-08 16:26:11.4190,00:05,60,5,2021-06-08 16:26:15.7260,1623162375.72604,0.07294493168592453,0.006657318212091923,-0.030955616384744644,-0.027542125433683395,-0.8663939833641052,-0.4560241401195526
3,2021-06-08 16:26:11.4190,00:05,60,5,2021-06-08 16:26:15.7410,1623162375.740965,0.03459876403212547,0.0003991563571617007,-0.025054052472114563,-0.023971594870090485,-0.8789520263671875,-0.46630859375
3,2021-06-08 16:26:11.4190,00:05,60,5,2021-06-08 16:26:15.7560,1623162375.756144,-0.015630584210157394,-0.017682375386357307,-0.022058527916669846,-0.019912749528884888,-0.8837890625,-0.4644927978515625
3,2021-06-08 16:26:11.4190,00:05,60,5,2021-06-08 16:26:15.7710,1623162375.771428,-0.03959602490067482,-0.02292454056441784,-0.025247931480407715,-0.019973769783973694,-0.885940432548523,-0.458740234375
3,2021-06-08 16:26:11.4190,00:05,60,5,2021-06-08 16:26:15.7870,1623162375.787034,-0.029363788664340973,-0.018560685217380524,-0.027162211015820503,-0.022979777306318283,-0.8825836181640625,-0.4632720947265625
3,2021-06-08 16:26:11.4190,00:05,60,5,2021-06-08 16:26:15.8010,1623162375.8009129,-0.015079442411661148,-0.0183058213442564,-0.030466660857200623,-0.02090456709265709,-0.8771666884422302,-0.4640807807445526
3,2021-06-08 16:26:11.4190,00:05,60,5,2021-06-08 16:26:15.8160,1623162375.8161721,0.002080368809401989,-0.030847180634737015,-0.027766214683651924,-0.01960757002234459,-0.877487063407898,-0.4595489203929901
3,2021-06-08 16:26:11.4190,00:05,60,5,2021-06-08 16:26:15.8310,1623162375.830583,-0.014317060820758343,-0.03326799347996712,-0.030065855011343956,-0.02880861982703209,-0.8883666396141052,-0.4659577012062073
3,2021-06-08 16:26:11.4190,00:05,60,5,2021-06-08 16:26:15.8460,1623162375.846349,-0.019694142043590546,-0.01708848960697651,-0.0363522469997406,-0.03515626862645149,-0.8874358534812927,-0.4664459526538849
3,2021-06-08 16:26:11.4190,00:05,60,5,2021-06-08 16:26:15.8610,1623162375.8608232,-0.00922352448105812,-0.0028411115054041147,-0.04140186682343483,-0.039932265877723694,-0.883453369140625,-0.4599457085132599
3,2021-06-08 16:26:11.4190,00:05,60,5,2021-06-08 16:26:15.8760,1623162375.876374,-1.3906171321868896,-0.6890623569488525,0.0075291902758181095,-0.03384402394294739,-1.0082550048828125,-0.2300415337085724
3,2021-06-08 16:26:11.4190,00:05,60,5,2021-06-08 16:26:15.8910,1623162375.89129,-0.7405927777290344,0.02322937175631523,0.031255029141902924,-0.1281433254480362,-0.3802031874656677,-0.284027099609375
3,2021-06-08 16:26:11.4190,00:05,60,5,2021-06-08 16:26:15.9070,1623162375.906821,0.7964335680007935,0.5275111794471741,-0.1397249698638916,-0.2394409291446209,-0.302337646484375,-0.7573699653148651
3,2021-06-08 16:26:11.4190,00:05,60,5,2021-06-08 16:26:15.9210,1623162375.92085,1.370581865310669,0.781399130821228,0.18866489827632904,0.023208580911159515,-0.9394379258155823,-0.5006866455078125
3,2021-06-08 16:26:11.4190,00:05,60,5,2021-06-08 16:26:15.9370,1623162375.937354,-0.31950923800468445,0.21204721927642822,0.05546529218554497,-0.2110290788114071,-1.3417205810546875,-0.3749237358570099
3,2021-06-08 16:26:11.4190,00:05,60,5,2021-06-08 16:26:15.9510,1623162375.950962,-0.619439423084259,-0.11733680218458176,0.0007202867418527603,0.11111448332667351,-1.0857543349266052,-0.3863983154296875
3,2021-06-08 16:26:11.4190,00:05,60,5,2021-06-08 16:26:15.9670,1623162375.966649,-0.2903582751750946,-0.1221185028553009,-0.01237314473837614,0.09141537547111511,-0.858245849609375,-0.4187469780445099
3,2021-06-08 16:26:11.4190,00:05,60,5,2021-06-08 16:26:15.9810,1623162375.980937,0.06765245646238327,0.07619111984968185,0.0217808298766613,-0.08769229426980019,-0.7840118408203125,-0.4903106987476349
3,2021-06-08 16:26:11.4190,00:05,60,5,2021-06-08 16:26:15.9970,1623162375.996532,0.003532590577378869,0.10983989387750626,0.03146488592028618,-0.0994110219180584,-0.856765627861023,-0.4881591200828552
3,2021-06-08 16:26:11.4190,00:05,60,5,2021-06-08 16:26:16.0110,1623162376.0112271,-0.05195232108235359,0.016554957255721092,0.002477440517395735,-0.022811900824308395,-0.9220733642578125,-0.4781494438648224
3,2021-06-08 16:26:11.4190,00:05,60,5,2021-06-08 16:26:16.0270,1623162376.0266,0.06663483381271362,0.007670118473470211,-0.012496715411543846,-0.016723662614822388,-0.8789825439453125,-0.4874420464038849
3,2021-06-08 16:26:11.4190,00:05,60,5,2021-06-08 16:26:16.0410,1623162376.041441,0.15082654356956482,0.06275094300508499,0.007485248148441315,-0.05163578689098358,-0.8478545546531677,-0.4898834526538849
3,2021-06-08 16:26:11.4190,00:05,60,5,2021-06-08 16:26:16.0570,1623162376.0565538,0.022260313853621483,0.06603382527828217,0.013523699715733528,-0.051208529621362686,-0.888580322265625,-0.4761658012866974
3,2021-06-08 16:26:11.4190,00:05,60,5,2021-06-08 16:26:16.0720,1623162376.071773,-0.1166297122836113,0.021806977689266205,0.00648176996037364,-0.025817882269620895,-0.935760498046875,-0.460845947265625
3,2021-06-08 16:26:11.4190,00:05,60,5,2021-06-08 16:26:16.0880,1623162376.0875092,-0.07527641206979752,0.019350744783878326,-0.012137721292674541,-0.02261355146765709,-0.91064453125,-0.47076416015625
3,2021-06-08 16:26:11.4190,00:05,60,5,2021-06-08 16:26:16.1010,1623162376.101149,0.07309328764677048,0.036131855100393295,-0.017552459612488747,-0.02590944990515709,-0.84796142578125,-0.4866790771484375
3,2021-06-08 16:26:11.4190,00:05,60,5,2021-06-08 16:26:16.1170,1623162376.116636,0.12151382118463516,0.030108848586678505,-0.021161310374736786,-0.022369395941495895,-0.8542632460594177,-0.4836883246898651
3,2021-06-08 16:26:11.4190,00:05,60,5,2021-06-08 16:26:16.1310,1623162376.1309152,0.03343656286597252,0.018733156844973564,-0.01468610018491745,-0.02499394491314888,-0.9046783447265625,-0.475341796875
3,2021-06-08 16:26:11.4190,00:05,60,5,2021-06-08 16:26:16.1460,1623162376.146466,-0.049225613474845886,0.008612344972789288,-0.010426107794046402,-0.027114886790513992,-0.9183197021484375,-0.4722442626953125
3,2021-06-08 16:26:11.4190,00:05,60,5,2021-06-08 16:26:16.1610,1623162376.1608849,-0.05760490521788597,-0.000689011299982667,-0.007660415023565292,-0.02560427412390709,-0.8965300917625427,-0.46514892578125
3,2021-06-08 16:26:11.4190,00:05,60,5,2021-06-08 16:26:16.1760,1623162376.176266,-0.010675479657948017,-0.0010562611278146505,-0.004797250498086214,-0.02542116865515709,-0.8855133056640625,-0.4658355712890625
3,2021-06-08 16:26:11.4190,00:05,60,5,2021-06-08 16:26:16.1910,1623162376.1910338,0.030176877975463867,0.003996287938207388,-0.006722182966768742,-0.03070070967078209,-0.8838043212890625,-0.468353271484375
3,2021-06-08 16:26:11.4190,00:05,60,5,2021-06-08 16:26:16.2090,1623162376.2086248,0.026120884343981743,0.011981243267655373,-0.003469131886959076,-0.031219523400068283,-0.8869323134422302,-0.4655303955078125
3,2021-06-08 16:26:11.4190,00:05,60,5,2021-06-08 16:26:16.2220,1623162376.2216802,0.0014848329592496157,0.005215749144554138,0.0064218477346003056,-0.031433120369911194,-0.8927306532859802,-0.458984375
3,2021-06-08 16:26:11.4190,00:05,60,5,2021-06-08 16:26:16.2370,1623162376.237231,-0.022649265825748444,0.011220378801226616,0.011201957240700722,-0.02948000282049179,-0.8913116455078125,-0.4600525200366974
3,2021-06-08 16:26:11.4190,00:05,60,5,2021-06-08 16:26:16.2510,1623162376.251184,-0.02476956695318222,0.00950050912797451,0.009288741275668144,-0.026489291340112686,-0.8868865966796875,-0.4653015434741974
3,2021-06-08 16:26:11.4190,00:05,60,5,2021-06-08 16:26:16.2670,1623162376.266821,-0.007682912517338991,0.010305316187441349,0.004308097064495087,-0.025680582970380783,-0.8806610107421875,-0.4649353623390198
3,2021-06-08 16:26:11.4190,00:05,60,5,2021-06-08 16:26:16.2810,1623162376.281249,-0.006205124780535698,0.019925987347960472,0.005028215702623129,-0.0299835167825222,-0.8787688612937927,-0.4625091254711151
3,2021-06-08 16:26:11.4190,00:05,60,5,2021-06-08 16:26:16.2970,1623162376.29706,-0.0023419433273375034,0.017532603815197945,0.00419384753331542,-0.02909853309392929,-0.8825072646141052,-0.4651947021484375
3,2021-06-08 16:26:11.4190,00:05,60,5,2021-06-08 16:26:16.3110,1623162376.311081,-0.02069099061191082,0.01762235164642334,-0.004012949764728546,-0.024963412433862686,-0.88623046875,-0.4613189697265625
3,2021-06-08 16:26:11.4190,00:05,60,5,2021-06-08 16:26:16.3270,1623162376.3272529,-0.019800854846835136,0.014891546219587326,-0.001601190771907568,-0.02343752235174179,-0.8850097060203552,-0.4660950005054474
3,2021-06-08 16:26:11.4190,00:05,60,5,2021-06-08 16:26:16.3430,1623162376.343175,-0.021449429914355278,0.01527717150747776,-0.0025149211287498474,-0.025482211261987686,-0.8841552734375,-0.4662322998046875
3,2021-06-08 16:26:11.4190,00:05,60,5,2021-06-08 16:26:16.3570,1623162376.357131,-0.02706044353544712,0.012828927487134933,-0.006734966300427914,-0.02648928016424179,-0.8859100341796875,-0.4668121933937073
3,2021-06-08 16:26:11.4190,00:05,60,5,2021-06-08 16:26:16.3710,1623162376.37145,-0.016678670421242714,0.008674397133290768,-0.008321944624185562,-0.026504531502723694,-0.8898009657859802,-0.4725189507007599
3,2021-06-08 16:26:11.4190,00:05,60,5,2021-06-08 16:26:16.3880,1623162376.388246,-0.018433721736073494,0.018379755318164825,-0.006796752102673054,-0.02786260098218918,-0.8869782090187073,-0.4671021103858948
3,2021-06-08 16:26:11.4190,00:05,60,5,2021-06-08 16:26:16.4020,1623162376.401674,-0.012222085148096085,0.0168369859457016,-0.005892076063901186,-0.028656024485826492,-0.888473391532898,-0.4669036865234375
3,2021-06-08 16:26:11.4190,00:05,60,5,2021-06-08 16:26:16.4170,1623162376.4171262,-0.012937143445014954,0.016080114990472794,-0.004527738783508539,-0.02865603193640709,-0.8916016221046448,-0.4677734971046448
3,2021-06-08 16:26:11.4190,00:05,60,5,2021-06-08 16:26:16.4320,1623162376.4316669,-0.025423508137464523,0.022177688777446747,-0.005642537958920002,-0.0309600867331028,-0.888778567314148,-0.4680328071117401
3,2021-06-08 16:26:11.4190,00:05,60,5,2021-06-08 16:26:16.4470,1623162376.447397,-0.008543272502720356,0.022811254486441612,-0.006383162923157215,-0.03146364539861679,-0.8905944228172302,-0.4683227241039276
3,2021-06-08 16:26:11.4190,00:05,60,5,2021-06-08 16:26:16.4620,1623162376.461678,-0.015254119411110878,0.02340727113187313,-0.004404434468597174,-0.0298004187643528,-0.894287109375,-0.4734192192554474
3,2021-06-08 16:26:11.4190,00:05,60,5,2021-06-08 16:26:16.4770,1623162376.477032,-0.027621841058135033,0.018681757152080536,-0.0005439161323010921,-0.028808612376451492,-0.89276123046875,-0.47332763671875
3,2021-06-08 16:26:11.4190,00:05,60,5,2021-06-08 16:26:16.4910,1623162376.491415,-0.014606013894081116,0.013218015432357788,0.0038561588153243065,-0.025192303583025932,-0.894195556640625,-0.4762268364429474
3,2021-06-08 16:26:11.4190,00:05,60,5,2021-06-08 16:26:16.5070,1623162376.5070581,-0.029416117817163467,0.012300023809075356,0.0003322642296552658,-0.026748675853013992,-0.893203616142273,-0.4756164252758026
3,2021-06-08 16:26:11.4190,00:05,60,5,2021-06-08 16:26:16.5220,1623162376.5217118,-0.023948781192302704,0.011892559938132763,0.007407217752188444,-0.025268569588661194,-0.8853607177734375,-0.474365234375
3,2021-06-08 16:26:11.4190,00:05,60,5,2021-06-08 16:26:16.5380,1623162376.537807,-0.004344720393419266,0.007356398738920689,0.008138788864016533,-0.023452797904610634,-0.88470458984375,-0.4772491753101349
